"","time","msimpson","mraoQ","mfred","mfric","mfeve","mfspe","mfdis","mfdiv","mfori","mTaxRich","sd.simpson","sd.raoQ","sd.fred","sd.fric","sd.feve","sd.fspe","sd.fdis","sd.fdiv","sd.fori","sd.TaxRich","n.fric","se.simpson","se.raoQ","se.fred","se.fric","se.feve","se.fspe","se.fdis","se.fdiv","se.fori","se.TaxRich","lower.ci.simpson","upper.ci.simpson","lower.ci.raoQ","upper.ci.raoQ","lower.ci.fred","upper.ci.fred","lower.ci.fric","upper.ci.fric","lower.ci.feve","upper.ci.feve","lower.ci.fspe","upper.ci.fspe","lower.ci.fdis","upper.ci.fdis","lower.ci.fdiv","upper.ci.fdiv","lower.ci.fori","upper.ci.fori","lower.ci.TaxRich","upper.ci.TaxRich"
"1","-1",0.98705252505803,0.689061701135269,0.301899501810774,0.615868598390122,0.793766837724002,0.488886485845379,0.580285551667465,0.771795383993289,0.276359341372326,77.8900311551302,0.00120812581254273,0.00853866974561165,0.00862274246217125,0.0715635713119185,0.0174312539447366,0.0180292219253706,0.0224010609326539,0.0124555147756087,0.0155485305859599,7.08006493550848,627505,1.525118426073e-06,1.07790781622123e-05,1.08852101956676e-05,9.03406914331905e-05,2.20049321889106e-05,2.27597972667017e-05,2.82787359042259e-05,1.5723639784274e-05,1.96282127646108e-05,0.00893775911319281,0.987049535875077,0.987055514240983,0.689040574489534,0.689082827781004,0.301878167149675,0.301920836471873,0.615691533547042,0.616045663233202,0.79372370876624,0.793809966681764,0.488841877376398,0.48893109431436,0.580230126256657,0.580340977078273,0.771764566166163,0.771826201820416,0.276320870708022,0.27639781203663,77.8725134353767,77.9075488748837
"2","-2",0.988158280300731,0.689712481748244,0.302022458838177,0.644812066961285,0.793055669841675,0.488454554041683,0.58010165580638,0.771845610524204,0.27527978336041,85.0752376475088,0.00103037677153688,0.00797928403433053,0.00802580753968536,0.0685932873877688,0.0157082749587477,0.0166564074345644,0.0205879555475982,0.0119353174380237,0.0146755705608078,7.27065799072081,627505,1.30073092036755e-06,1.00729187153239e-05,1.01316492337231e-05,8.65910531948892e-05,1.98298714692513e-05,2.10267785249683e-05,2.59899010805243e-05,1.50669511045782e-05,1.85262021910741e-05,0.00917836069406136,0.988155730910056,0.988160829691406,0.689692739152262,0.689732224344225,0.302002601132272,0.302042316544082,0.644642351288283,0.644981782634288,0.79301680393281,0.793094535750539,0.488413342233572,0.488495765849795,0.580050716438046,0.580152595174714,0.771816079785722,0.771875141262686,0.275243472601307,0.275316094119513,85.0572483564126,85.093226938605
"3","-3",0.989339567313428,0.690241592290423,0.302320951196253,0.680698862411747,0.792912279575462,0.487819386817344,0.579626540221405,0.771773124215861,0.275687962095991,94.3487812846113,0.000815758223149553,0.0073715519472255,0.00741939109060598,0.0643899985331218,0.015453854234293,0.0156406345039479,0.0194535741908162,0.0113386590587808,0.0134039522016077,7.14930008894476,627505,1.02979994668555e-06,9.30572758792884e-06,9.36611894642781e-06,8.12848895356282e-05,1.95086948742209e-05,1.97444832564574e-05,2.45578764590318e-05,1.43137392463372e-05,1.69209318041539e-05,0.00902516044767421,0.989337548938728,0.989341585688128,0.69022335336432,0.690259831216525,0.302302593905035,0.302339308487472,0.680539546648473,0.680858178175021,0.79287404316237,0.792950515988553,0.487780688266624,0.487858085368064,0.579578407575168,0.579674672867643,0.771745069748341,0.77180117868338,0.275654797615101,0.275721126576882,94.3310922610596,94.366470308163
"4","-4",0.989566877887499,0.690645703378505,0.302072824132815,0.690764586956137,0.79268743202843,0.48831347765366,0.580327824765439,0.771770495555954,0.275623506673718,96.3914375184261,0.000790612223740694,0.00735278342236002,0.00740177468544296,0.0645367769015595,0.0151464723746141,0.0153393824271771,0.0190738328883886,0.0110903244050574,0.0131928782575175,7.20501517949487,627505,9.98056044980685e-07,9.28203450662442e-06,9.34388028234468e-06,8.14701801667274e-05,1.91206610012833e-05,1.93641875220182e-05,2.40784971994708e-05,1.40002456082626e-05,1.66544754814317e-05,0.00909549427410696,0.989564921729823,0.989568834045175,0.690627510890078,0.690663895866932,0.302054510428661,0.302091137836969,0.690604908029199,0.690924265883076,0.792649956149221,0.792724907907639,0.488275524470321,0.488351430836999,0.580280631687097,0.58037501784378,0.771743055525859,0.771797935586049,0.27559086443863,0.275656148908805,96.3736106428418,96.4092643940104
"5","-5",0.989262156387057,0.690259019150717,0.302248729981998,0.679481488672823,0.793114651177281,0.488086015649912,0.579927942417886,0.771740383022235,0.275902580583367,93.659204309129,0.000814258478309463,0.00737082929912391,0.00742054562169492,0.0651367955057676,0.0153284636248063,0.0154502496409188,0.0190875056486207,0.011050989578766,0.0134958264780843,7.03564487477943,627505,1.0279066931301e-06,9.30481532868908e-06,9.36757640774429e-06,8.22276339184507e-05,1.93504038030434e-05,1.95041444940235e-05,2.40957574701717e-05,1.39505899616895e-05,1.70369124002821e-05,0.00888168394916451,0.989260141723073,0.989264171051041,0.690240782012613,0.690277256288821,0.302230369834202,0.302267090129793,0.679320325160948,0.679642652184698,0.793076725009587,0.793152577344976,0.488047788155419,0.488124243144405,0.579880715509971,0.579975169325802,0.771713040315606,0.771767725728863,0.275869188784246,0.275935972382487,93.6417964948894,93.6766121233686
"6","-6",0.989177393504125,0.690404593462811,0.302041686310018,0.677900416134062,0.792333105809515,0.488403031689561,0.580324982099407,0.771872345923025,0.276063286264918,92.9765930151951,0.000863541909285504,0.00735952302100504,0.00741525629347056,0.0649256001724282,0.0151455936612446,0.0155683271888943,0.0193292368623602,0.0113156190246151,0.0136535486614731,7.28414924474637,627505,1.09012129685872e-06,9.29054246661595e-06,9.36089924560375e-06,8.19610243559097e-05,1.91195517277812e-05,1.96532036749906e-05,2.44009150327397e-05,1.42846538809899e-05,1.72360183258318e-05,0.00919539183427175,0.989175256901523,0.989179530106727,0.690386384299057,0.690422802626566,0.302023339249245,0.302060033370791,0.677739775168335,0.678061057099788,0.792295632104447,0.792370579514584,0.488364512043878,0.488441551335243,0.580277157092505,0.580372807106308,0.771844348461884,0.771900343384167,0.276029504224602,0.276097068305234,92.958570343613,92.9946156867771
"7","-7",0.989047421143558,0.69014948822825,0.302207729285917,0.673537528301402,0.792791529938407,0.488207453569538,0.580064329601522,0.771968822656739,0.275619864822173,91.8726990223185,0.000872299147949935,0.00755721741737155,0.00763145810387635,0.0654571390700132,0.0156102336603756,0.0159140994147716,0.0197026591967629,0.0112300604111819,0.0134403528259471,7.20227846330681,627505,1.10117629287816e-06,9.54010866535097e-06,9.63382890357225e-06,8.26320304369529e-05,1.9706105724731e-05,2.0089700923402e-05,2.48723173295801e-05,1.41766460754273e-05,1.69668833617849e-05,0.00909203948798948,0.989045262873521,0.989049579413596,0.690130789922791,0.690168186533709,0.302188847291812,0.302226611280022,0.673375572185386,0.673699484417418,0.792752906606412,0.792830153270402,0.488168078403319,0.488246828735757,0.580015580661314,0.58011307854173,0.771941036887415,0.771996608426063,0.27558661027771,0.275653119366635,91.8548789180037,91.8905191266334
"8","0",0.987523859808894,0.688923972427236,0.3023723848178,0.625353227318926,0.792803723912957,0.487809126406837,0.579162400601938,0.772459615171452,0.275446250454113,80.7630106533016,0.00110039391192189,0.00832207768851254,0.00838763426926923,0.0714201090251538,0.0168518759245401,0.0174646049268505,0.0217230014371759,0.0121560639914626,0.0154699033654772,6.97299976024439,627505,1.38911942248669e-06,1.05056558631492e-05,1.05884134271581e-05,9.01595869697978e-05,2.12735347755868e-05,2.20470339276711e-05,2.74227645974374e-05,1.53456179724214e-05,1.95289550370594e-05,0.00880260177288045,0.987521137179604,0.987526582438184,0.688903381680394,0.688944563174078,0.3023516318688,0.3023931377668,0.625176517434756,0.625529937203095,0.792762028470548,0.792845419355365,0.487765914931024,0.48785233788265,0.579108652867299,0.579216148336578,0.772429538254891,0.772489692088012,0.275407974331755,0.27548452657647,80.7457578375783,80.7802634690248
"9","1",0.986993435646791,0.688936998465458,0.301983887329001,0.612510844783621,0.793258368341288,0.48854062995285,0.579887015129044,0.7721284079422,0.276083070518279,77.5148580489398,0.00119017748628119,0.00848621665601177,0.00858495654737577,0.0696959271348667,0.0173027175616421,0.0177638798116736,0.0220559802538757,0.0127972271761735,0.0156104767868151,6.94941271772847,627505,1.50246075017992e-06,1.0712862232859e-05,1.08375098698387e-05,8.79830077232674e-05,2.18426699441651e-05,2.2424833687072e-05,2.78431116536533e-05,1.61550119750743e-05,1.97064126436039e-05,0.00877282587306593,0.986990490872152,0.986996380421429,0.68891600160081,0.688957995330105,0.301962646159002,0.302005128498999,0.612338400924613,0.612683288642629,0.793215557412295,0.793301179270281,0.488496678001687,0.488584581904013,0.579832443527724,0.579941586730363,0.772096744639485,0.772160071244914,0.276044446584734,0.276121694451825,77.4976635930204,77.5320525048593
"10","10",0.967210485566958,0.674702532958587,0.302423814919599,0.298612321742983,0.805392865427367,0.488141184772575,0.57350399260632,0.772479496442769,0.276068876650725,31.28753237026,0.00539326696288431,0.015815728245514,0.0159204982759425,0.084481024416033,0.0297575521198333,0.0321282422577234,0.0397548797752418,0.0220056530785207,0.0275060518086104,4.92291368541792,627505,6.80837271783285e-06,1.99655187552276e-05,2.00977787419342e-05,0.000106647474669247,3.75654510330065e-05,4.05581718028707e-05,5.01859152764301e-05,2.77795794439536e-05,3.47231935666852e-05,0.00621460637100014,0.967197141375898,0.967223829758017,0.674663401185414,0.674741664731759,0.302384423921116,0.302463205918082,0.298403296130409,0.298821347355557,0.805319238354263,0.805466492500471,0.488061692063232,0.488220677481917,0.57340562983012,0.573602355382521,0.772425049362533,0.772533943523006,0.276000820310635,0.276136932990815,31.2753519421005,31.2997127984195
"11","11",0.96548136003122,0.674110031922898,0.301785466638832,0.285675577948697,0.806811153127067,0.489181838238913,0.574378404176786,0.77276268434733,0.275963618113723,29.7962613843714,0.00603085459048658,0.0163258098205455,0.0164899573296804,0.0851322085075363,0.0313837879411742,0.0333660105901776,0.0413330879043423,0.023232183129816,0.0287904401155272,4.87202285152549,627505,7.61325299519883e-06,2.06094374603859e-05,2.0816654612918e-05,0.000107469518902063,3.9618384751099e-05,4.21207104651831e-05,5.21782196150018e-05,2.93279310824519e-05,3.63445845284333e-05,0.0061503626079071,0.965466438300763,0.965496281761678,0.67406963808982,0.674150425755976,0.301744666666815,0.30182626661085,0.285464941155925,0.285886214741469,0.806733502370052,0.806888803884082,0.489099283004161,0.489264393473665,0.574276136548304,0.574480671805269,0.772705202547793,0.772820166146867,0.275892383899613,0.276034852327832,29.7842068719167,29.8083158968262
"12","12",0.965381962575199,0.673771249327371,0.302067721572257,0.282877428322643,0.806138111004693,0.487786891139777,0.572747775124816,0.772457896871132,0.275593441766964,29.7082604919483,0.00606563151578824,0.0163450391052138,0.0163734129024908,0.0827544562771688,0.0309955772263189,0.0329010386770861,0.0407156435078726,0.0224801147874285,0.0283096853984863,4.84533306043064,627505,7.65715482150622e-06,2.06337121973904e-05,2.06695308187588e-05,0.000104467883061225,3.91283138426904e-05,4.15337374654342e-05,5.13987678258296e-05,2.8378532207986e-05,3.57376875730266e-05,0.0061166698486231,0.965366954798577,0.965396970351821,0.673730807916591,0.673811690738151,0.302027209958134,0.30210823318638,0.282672674639361,0.283082182005924,0.806061420770861,0.806214801238525,0.487705486353184,0.487868295926371,0.572647035196715,0.572848515052917,0.772402275862785,0.772513517879479,0.275523397051324,0.275663486482604,29.6962720162156,29.7202489676809
"13","13",0.964299332972014,0.673044972811752,0.302038766154677,0.274317024087348,0.807115283279018,0.488096120321121,0.572510094108502,0.771519496180762,0.276017709215182,28.8262579581039,0.0062201523316032,0.0165179052130398,0.0164817162310028,0.0838949192263235,0.0309112080959352,0.0332100793699343,0.0410758208297835,0.0230459043407812,0.0287568846049577,4.81719680535149,627505,7.85221939256709e-06,2.08519355674665e-05,2.08062511836445e-05,0.000105907584986266,3.90218076212323e-05,4.19238654224532e-05,5.1853449833777e-05,2.90927757612147e-05,3.63022245962686e-05,0.0060811510966716,0.96428394287512,0.964314723068907,0.673004103690202,0.673085841933303,0.301997986573045,0.302079545736308,0.274109448634702,0.274524599539994,0.807038801793947,0.807191764764089,0.488013950896307,0.488178289745934,0.572408463018322,0.572611725198682,0.771462475278074,0.771576517083449,0.275946558025174,0.27608886040519,28.8143390979801,28.8381768182277
"14","14",0.968919371972829,0.676057265016585,0.302255556723406,0.315167663209499,0.804106159128612,0.487975729851997,0.573927182420397,0.772333987373166,0.275424560490797,32.9348738257066,0.00491449965589272,0.0151808785596328,0.0153181730783233,0.0844336071180613,0.0290781301567399,0.0313373766923468,0.0387947715069242,0.0217513778623506,0.026712167818445,4.93472064670109,627505,6.2039846366301e-06,1.91640948110721e-05,1.93374131841089e-05,0.000106587615841548,3.67077597692038e-05,3.95597959435189e-05,4.89738901745457e-05,2.74585865362211e-05,3.37210072968485e-05,0.00622951128737717,0.968907212362927,0.968931531582732,0.676019704008509,0.676094826024661,0.302217656016906,0.302293457429906,0.314958754918297,0.3153765715007,0.804034213102738,0.804178105154487,0.487898193927157,0.488053265776838,0.573831195174327,0.574023169666468,0.772280169428681,0.77238780531765,0.275358468403491,0.275490652578104,32.9226641843914,32.9470834670217
"15","15",0.9738061950925,0.679748782676112,0.301966247002852,0.370864077450596,0.800596923766345,0.488298592411048,0.575893172200736,0.771754805082986,0.275666366922839,38.9745643461008,0.00388177504532169,0.0136215909181351,0.013760560543492,0.0846473396396865,0.026202147154121,0.0277122373917255,0.0340857109156763,0.019049569356185,0.0243332925209961,5.49967156367841,627505,4.90028984235534e-06,1.7195675389099e-05,1.73711083896159e-05,0.00010685742830942,3.30771654843791e-05,3.49834789018173e-05,4.30292484802418e-05,2.40478673100493e-05,3.07179537143469e-05,0.00694269615965094,0.973796590682369,0.97381579950263,0.679715079706652,0.679782485645573,0.301932200190365,0.302000293815338,0.370654640335655,0.371073514565537,0.800532093588236,0.800661753944453,0.488230025920092,0.488367158902005,0.575808836260761,0.575977508140711,0.77170767203824,0.771801938127731,0.275606160723751,0.275726573121927,38.9609568854255,38.9881718067762
"16","16",0.978179178826484,0.682550287877995,0.302224041797482,0.430047544278336,0.798357022530498,0.488465429363365,0.577078844206373,0.772560426661064,0.275988564147659,46.585067848065,0.0028626936055291,0.0122818349632343,0.0123750625726917,0.0834117396237172,0.0233451673293316,0.0248189094439329,0.0309247829043136,0.0173102847776352,0.0220611491095743,5.87304970627751,627505,3.61381796553522e-06,1.55043892067769e-05,1.56220782285047e-05,0.000105297626894661,2.94705605029538e-05,3.1330988639596e-05,3.90389442391021e-05,2.18522226748702e-05,2.78496367332317e-05,0.00741404266947535,0.978172095859763,0.978186261793205,0.682519899774933,0.682580675981057,0.302193423027731,0.302254660567233,0.429841164323888,0.430253924232784,0.798299261181894,0.798414783879101,0.488404021635585,0.488526837091146,0.577002329134083,0.577155359278663,0.772517597009027,0.772603256313102,0.275933979757394,0.276043148537924,46.5705365634242,46.5995991327057
"17","17",0.977885586171085,0.682563591198303,0.302001062683267,0.427530241695043,0.799123251205967,0.4882550466775,0.576811174605023,0.771492046881914,0.276183971848285,45.9341503254954,0.00282453813855911,0.0123268098645224,0.0124225285859854,0.0846859142017835,0.0237571833457458,0.025651504052703,0.0317750352093699,0.0172442621281621,0.0223344206223235,5.6879161233583,627505,3.56565112303653e-06,1.55611647925257e-05,1.56819985536355e-05,0.000106906124210808,2.9990682837852e-05,3.23820425663487e-05,4.0112288955182e-05,2.17688767532747e-05,2.81946102575847e-05,0.00718033303785948,0.977878597609823,0.977892574732348,0.682533091816923,0.682594090579683,0.301970326471611,0.302031798894923,0.427320709137705,0.427739774252381,0.799064470434353,0.79918203197758,0.488191578917904,0.488318514437096,0.576732555811689,0.576889793398357,0.771449380585196,0.771534713178631,0.276128711321033,0.276239232375538,45.920077104199,45.9482235467918
"18","18",0.979554552506686,0.68384544653124,0.30188112653923,0.45347741992027,0.797958310878798,0.488725280743824,0.577983705454826,0.772314138355377,0.27665083140898,49.6600983259098,0.0025779646113164,0.0117012568465547,0.0118122451377472,0.0834463508623321,0.0229485396660617,0.0248001276143153,0.0306750515049429,0.0166036105962076,0.0206832041706324,6.04266508268981,627505,3.25438070245989e-06,1.47714768111223e-05,1.49115866293373e-05,0.000105341319560783,2.89698641754165e-05,3.13072787625883e-05,3.8723687371982e-05,2.0960128652761e-05,2.61101413970041e-05,0.00762816236895207,0.979548174025414,0.979560930987957,0.683816494912848,0.683874398149632,0.301851900310111,0.301910352768349,0.453270954329605,0.453683885510935,0.797901530878857,0.798015090878739,0.488663919486638,0.48878664200101,0.577907808275834,0.578059602633819,0.772273057178867,0.772355219531887,0.276599656373502,0.276702006444459,49.6451473735601,49.6750492782594
"19","19",0.979160807450856,0.683206876143677,0.30225318846864,0.445974348771263,0.797258654315105,0.48806475281454,0.577057977030204,0.772367235635449,0.276211676621484,48.7242332730416,0.00262013038325772,0.0121449941067742,0.0122344043278781,0.0824062615087134,0.0232191987200433,0.0248489115127549,0.0307787337989833,0.0169462163818824,0.0212680823139533,5.96026268142332,627505,3.30761008889436e-06,1.53316435295799e-05,1.54445135421805e-05,0.000104028327634365,2.93115397742037e-05,3.1368862764547e-05,3.88545742179188e-05,2.13926286384306e-05,2.68484820765304e-05,0.00752413891442486,0.979154324641703,0.97916729026001,0.683176826616574,0.68323692567078,0.30222291771995,0.302283459217329,0.445770456602449,0.446178240940077,0.797201204642004,0.797316103988206,0.488003270854696,0.488126234774385,0.576981823317212,0.577134130743195,0.772325306772909,0.77240916449799,0.276159054462074,0.276264298780894,48.7094862033097,48.7389803427736
"20","2",0.984380405710411,0.68687383704926,0.302227255013401,0.547165626068546,0.794421143959012,0.488375394283044,0.578787114856964,0.77186360397928,0.275965503913189,64.68689492514,0.00160837138076995,0.00962553739549468,0.00971237383207373,0.0770525592759314,0.0193881105260606,0.0202306953240819,0.0251630051897511,0.0143864257946879,0.0177234554236104,6.52637594365391,627505,2.0303819381344e-06,1.21511222509405e-05,1.2260743159712e-05,9.7269900789946e-05,2.44752361906752e-05,2.55389015702656e-05,3.17653695267787e-05,1.81611905291811e-05,2.23738025953944e-05,0.0082387911124894,0.984376426227261,0.98438438519356,0.68685002124134,0.686897652857181,0.302203224352033,0.302251285674769,0.54697498019849,0.547356271938603,0.794373173285037,0.794469114632988,0.488325338859212,0.488425449706876,0.578724855756648,0.578849373957281,0.771828008631268,0.771899199327292,0.275921651981321,0.276009355845057,64.6707471601367,64.7030426901434
"21","20",0.979245770537108,0.683186359712462,0.30233436164055,0.44694143626145,0.797394719379128,0.488060249460044,0.576949055412666,0.771976410643109,0.276199566674091,48.9456147759779,0.00267653251494198,0.0117577197397115,0.0118457156653713,0.0828852376963107,0.0232702674319803,0.0243040704526498,0.0300021977320632,0.0171020783655633,0.0213471030040767,6.01832634336342,627505,3.37881122490884e-06,1.4842754651434e-05,1.49538392804104e-05,0.000104632979403055,2.93760080876545e-05,3.06810642493422e-05,3.7874287684948e-05,2.15893862780473e-05,2.69482365137729e-05,0.00759743753927896,0.979239148176023,0.979252392898193,0.683157268391801,0.683215451033124,0.302305052597597,0.302363670683503,0.44673635899466,0.447146513528239,0.797337143350211,0.797452295408046,0.488000115563118,0.488120383356969,0.576874823029679,0.577023287795652,0.771934096141937,0.772018725144281,0.276146748999199,0.276252384348982,48.930724043304,48.9605055086517
"22","21",0.979565185347541,0.6833497613082,0.302394630601739,0.452450502030106,0.797296643228341,0.487852696093268,0.576951942239224,0.772203535047295,0.275470287717785,49.653358937379,0.00252617798680479,0.0116180726769512,0.0117379560177099,0.0821382276212945,0.0226358875409663,0.0239006337567977,0.0295529787048326,0.0169538226469798,0.0208577946777488,5.89316804321986,627505,3.18900610782181e-06,1.46664664649293e-05,1.48178052494102e-05,0.000103689966003258,2.85751772049177e-05,3.01717723095375e-05,3.73072008727475e-05,2.14022306640914e-05,2.63305416207691e-05,0.00743943973164734,0.979558934998367,0.979571435696715,0.683321015506702,0.683378507109698,0.302365588181101,0.302423673022376,0.452247273039182,0.45265373102103,0.797240636802139,0.797352649654543,0.487793560392128,0.487911831794409,0.57687882132811,0.577025063150338,0.772161587365094,0.772245482729497,0.275418680704972,0.275521894730598,49.638777875315,49.6679399994429
"23","22",0.979724070830051,0.683437329107916,0.302418182709639,0.454005350543092,0.797204178658337,0.487809349303709,0.576747675612775,0.771858334817349,0.275205142117033,50.021829308133,0.00245628337145026,0.0116375390781863,0.0117750983188045,0.0812462828794625,0.0228181751288083,0.0239426432017615,0.0297175202852475,0.0165131263828321,0.0209031527937428,5.8823805480778,627505,3.1007722793134e-06,1.46910405340409e-05,1.48646930877446e-05,0.000102563989431377,2.88052940985193e-05,3.02248043513317e-05,3.75149154944703e-05,2.08459028497403e-05,2.63878009705456e-05,0.00742582177278782,0.979717993416336,0.979730148243765,0.683408535142035,0.683466123073798,0.30238904839035,0.302447317028928,0.453804328429953,0.454206372656231,0.797147721210442,0.797260636106233,0.487750109661476,0.487868588945942,0.576674147587697,0.576821203637852,0.771817477519731,0.771899192114968,0.27515342287774,0.275256861356325,50.0072749368294,50.0363836794366
"24","23",0.97972750330541,0.683913323693086,0.301934385581382,0.456030089774609,0.797730446852216,0.488538573035323,0.577752822575879,0.772067849467007,0.276016951878145,50.0633859491159,0.00252173751780774,0.0114556898329527,0.0116067336613041,0.0824936517964195,0.0227762781389561,0.023870539240067,0.0296101368562134,0.0168690590192101,0.0211620313491767,6.00397632290231,627505,3.1834005317986e-06,1.44614769970369e-05,1.46521522755317e-05,0.000104138647715814,2.87524040182336e-05,3.01337814798464e-05,3.73793563957618e-05,2.12952264355332e-05,2.67146050590836e-05,0.00757932230625228,0.979721263942985,0.979733742667836,0.683884979664337,0.683941667721835,0.301905667835233,0.30196310332753,0.455825981381992,0.456234198167226,0.797674093067173,0.797786800637259,0.488479511794984,0.488597634275662,0.577679560242265,0.577826084909492,0.772026111509644,0.772109587424369,0.275964592113374,0.276069311642917,50.0485307217149,50.078241176517
"25","24",0.979772138225785,0.683796115126627,0.30208595279283,0.455517164566356,0.797973885938758,0.488264858973677,0.577442897043638,0.772296651673793,0.276289513790911,50.1476067919778,0.00246645232223327,0.0112902525028875,0.0114304942421971,0.0815546497037213,0.0228645946604549,0.0241891493769618,0.0297922306931783,0.0169841688234477,0.0206805430533147,5.91944623084631,627505,3.11360939780883e-06,1.42526315954874e-05,1.44296704920205e-05,0.000102953266707621,2.8863893362196e-05,3.05359897477827e-05,3.76092287013994e-05,2.14405391849521e-05,2.61067820456741e-05,0.00747261288939036,0.979766035651732,0.979778240799838,0.683768180428133,0.683824049825121,0.302057671103805,0.302114234481854,0.455315379482304,0.455718949650408,0.797917313638194,0.798030458239321,0.488205009418098,0.488324708529256,0.577369184167715,0.57751660991956,0.772254628908125,0.77233867443946,0.276238345339653,0.276340682242169,50.132960711594,50.1622528723615
"26","25",0.979708220335511,0.683611196363589,0.302230720202889,0.454274750755731,0.796919177244803,0.487991856793644,0.577053667157793,0.771755572903448,0.275752314583915,50.0227982247153,0.00252710350591045,0.0117895286290529,0.0118510724366943,0.0845987983420895,0.0226069461018603,0.0244023080703548,0.0301939466937616,0.0167080482649255,0.0213010203603958,6.04910812717709,627505,3.1901744681259e-06,1.48829096772963e-05,1.49606015816245e-05,0.000106796150562829,2.85386420017134e-05,3.08050778242033e-05,3.8116348463412e-05,2.1091969071436e-05,2.68900625319985e-05,0.00763629596378594,0.979701967696389,0.979714472974634,0.683582026340371,0.683640366386806,0.302201397906044,0.302260042499735,0.454065433743198,0.454484067768263,0.796863242426422,0.796975112063184,0.48793147983411,0.488052233753179,0.576978960343484,0.577128373972102,0.771714233323966,0.771796912482929,0.275699610928152,0.275805018239677,50.007831330782,50.0377651186486
"27","26",0.981032046117948,0.684595102560909,0.302168358506415,0.48066898001111,0.796778520053227,0.488784430732713,0.578473705021659,0.772108595359825,0.276364770073045,53.4517350459359,0.00227263837479758,0.0112737999586526,0.0113886564751526,0.0815084888619189,0.0220552535360741,0.0234813826698514,0.0290692466911997,0.0158891600946693,0.0198983737171468,6.19509238448106,627505,2.86894181485074e-06,1.42318621705584e-05,1.43768551736463e-05,0.000102894994009807,2.78421942568903e-05,2.96425165389757e-05,3.66965454264242e-05,2.00582179303008e-05,2.51193841649946e-05,0.00782058412187294,0.981026423084471,0.981037669151424,0.684567208569818,0.684622996552,0.302140180333712,0.302196536679118,0.480467309139668,0.480870650882553,0.796723950249975,0.796833089856478,0.488726332355822,0.488842529109604,0.578401780975535,0.578545629067783,0.772069281899258,0.772147908820392,0.276315536889805,0.276414003256286,53.4364069531533,53.4670631387185
"28","27",0.98093948140521,0.684619200074676,0.30207880132937,0.478389571099986,0.796301954440204,0.488674970198576,0.578254899151101,0.771930229036824,0.276259607689015,53.1668624154389,0.00223842066612085,0.011186233927971,0.0112495096970661,0.0808900562008388,0.0220551316846294,0.023044733308758,0.0286483695464242,0.0161856659312051,0.0200109855601362,6.06624389254467,627505,2.82574593453837e-06,1.41213202340282e-05,1.42011985383976e-05,0.000102114294651424,2.78420404336033e-05,2.90912974693865e-05,3.61652369468387e-05,2.04325220880666e-05,2.52615435286586e-05,0.00765792787598882,0.980933943034266,0.980945019776154,0.684591522742218,0.684646877407135,0.30205096743801,0.302106635220731,0.47818943037412,0.478589711825852,0.796247384938441,0.796356523941966,0.488617952193293,0.488731988203859,0.57818401645247,0.578325781849732,0.771890181952173,0.771970276121475,0.276210095878004,0.276309119500026,53.151853123655,53.1818717072228
"29","28",0.981005779073491,0.684516601423332,0.30222933559109,0.476819093673075,0.796513959093553,0.487726098057369,0.577133200260087,0.771710687438978,0.276356310186955,53.3823379893387,0.00227588479625623,0.0112170363965957,0.0113499619060244,0.0814980297903416,0.0220766302301332,0.0234406540670267,0.0290210665110378,0.0159839442841821,0.0195069983497658,6.21743624875892,627505,2.87304004463276e-06,1.4160204770705e-05,1.43280077773291e-05,0.000102881790647528,2.78691798486719e-05,2.95911014115185e-05,3.66357235486251e-05,2.01778719534378e-05,2.46253182505782e-05,0.00784879065364806,0.981000148007616,0.981011410139366,0.684488847878435,0.684544354968229,0.30220125315771,0.302257418024471,0.476617448679797,0.477020738666353,0.796459336399412,0.796568581787694,0.487668100452471,0.487784095662268,0.577061395422883,0.577205005097291,0.771671139460382,0.771750235417574,0.27630804535698,0.27640457501693,53.3669546126631,53.3977213660144
"30","29",0.980922646871125,0.684448467546552,0.302239887930997,0.476112609657756,0.796377082147553,0.488019361115389,0.577323235058345,0.771935993883903,0.275773532031063,53.134958287185,0.00226593250063212,0.0110655696189318,0.0111829146602382,0.0810384406084575,0.0223867905021392,0.0229047448993228,0.0284583153931145,0.0163458154585298,0.0204806590181278,6.1247847004141,627505,2.86047642809508e-06,1.39689955678598e-05,1.41171300442915e-05,0.00010230161272033,2.82607211442564e-05,2.8914578372377e-05,3.59253156669892e-05,2.06346922532216e-05,2.58544516824153e-05,0.00773182884212325,0.980917040429534,0.980928253312717,0.684421088765529,0.684475846327575,0.302212218811176,0.302267557050819,0.475912101794513,0.476313117520999,0.796321692045093,0.796432472250012,0.48796268947384,0.488076032756939,0.577252822597689,0.577393647519001,0.771895550552246,0.771976437215561,0.275722858139183,0.275824205922943,53.1198041518896,53.1501124224803
"31","3",0.980248076742235,0.684107720363773,0.3021081561218,0.465001700723724,0.798115977023291,0.488233081825678,0.577577545040781,0.772122100316036,0.276633122102392,51.3361949307177,0.00237759961851652,0.0116275851233539,0.0117101999823182,0.0805335881964774,0.0228456448535811,0.0241155860816231,0.0299193088431013,0.0165318949101646,0.0204552805500691,5.97130353367428,627505,3.00144318611304e-06,1.46784748229456e-05,1.47827664806238e-05,0.000101664295225774,2.88399714334253e-05,3.044312463718e-05,3.77696500962465e-05,2.0869595934159e-05,2.58224143160582e-05,0.00753807670718839,0.980242194010342,0.980253959474128,0.68407895102628,0.684136489701266,0.30207918237602,0.30213712986758,0.464802441982226,0.465200959465221,0.798059451608937,0.798172502437645,0.488173414282722,0.488292749368634,0.577503517744095,0.577651572337466,0.772081196580735,0.772163004051336,0.276582511002717,0.276683733202067,51.3214205433612,51.3509693180741
"32","30",0.981900796488459,0.685319620861371,0.302047904864791,0.496938274598673,0.795898702075681,0.488569542096315,0.578380046781265,0.772033930787064,0.276152091680191,55.9643142285719,0.00208643226781656,0.0107525587638575,0.0108598568156456,0.0803169380494532,0.0214834701565359,0.0221749532875045,0.0275370584558611,0.0155864403028555,0.0194797176938371,6.26503493735874,627505,2.63387824625902e-06,1.35738557424554e-05,1.37093070623136e-05,0.000101390799594932,2.71203841947241e-05,2.79933012811815e-05,3.4762335855147e-05,1.96760693762023e-05,2.45908795931138e-05,0.00790887846593287,0.981895634172,0.981905958804919,0.685293016541669,0.685346225181074,0.302021035064868,0.302074774664715,0.496739551899796,0.49713699729755,0.795845546996884,0.795951857154478,0.488514676128167,0.488624408064463,0.578311913723551,0.578448179838978,0.771995366325344,0.772072495248784,0.276103894348874,0.276200289011507,55.9488130817211,55.9798153754227
"33","31",0.983147670396385,0.685971566301523,0.302270519885737,0.518871594050309,0.795581773823316,0.487926074307167,0.578108980420819,0.772514947911949,0.276312686199992,60.0286515645294,0.00184127790694241,0.0101775670993307,0.0102406503875545,0.0788940005361739,0.0201200861408479,0.0210456920168926,0.0261006823576435,0.0149808751863475,0.018919254812471,6.3857092396267,627505,2.32439935828261e-06,1.28479955933683e-05,1.29276309130084e-05,9.95945063627845e-05,2.53992703317873e-05,2.65677401734059e-05,3.29490779713908e-05,1.89116137973339e-05,2.38833603441853e-05,0.00806121574739118,0.98314311464857,0.9831522261442,0.685946384644315,0.685996747958731,0.302245182145869,0.302295857625605,0.518676392028264,0.519066796072355,0.79553199207221,0.795631555574422,0.487874002392837,0.487978146221497,0.578044401290107,0.578173559551531,0.772477881758521,0.772552014065376,0.276265875583597,0.276359496816388,60.0128518415175,60.0444512875412
"34","32",0.983188788829715,0.686228323739972,0.30203796463811,0.523471922943386,0.795451840756647,0.488213374691502,0.578482048592249,0.771603207986806,0.275953839695919,60.1566170787484,0.00181215541997406,0.0102764536396701,0.01038364001338,0.0779574394582626,0.0202804619843672,0.021478249941707,0.026531909004357,0.0148193160333982,0.0183061107184861,6.31283957915361,627505,2.28763560319404e-06,1.29728283576355e-05,1.31081386968995e-05,9.8412206852058e-05,2.56017261948347e-05,2.71137942802128e-05,3.34934514943207e-05,1.87076641436589e-05,2.31093371871052e-05,0.00796922627018989,0.983184305137675,0.983193272521756,0.68620289741457,0.686253750065374,0.302012273108805,0.302063656167416,0.52327903819027,0.523664807696502,0.795401662198576,0.795502019314718,0.488160232528725,0.488266516854279,0.578416402506981,0.578547694677518,0.771566541568125,0.771639874405487,0.275908546139961,0.275999133251877,60.1409976521465,60.1722365053502
"35","33",0.983264251567793,0.686057057990159,0.302266232169524,0.522395669404773,0.795044997254205,0.487958224536169,0.578033942001782,0.771602298167016,0.275770722910551,60.3999649405184,0.00176263431994792,0.0101635552454732,0.0102357729572264,0.0794534288649523,0.0205884449825263,0.0213420514216421,0.0264323403796703,0.0150537926840104,0.0184152530747068,6.2177722604488,627505,2.22512096991234e-06,1.28303072563758e-05,1.29214737240899e-05,0.00010030071960931,2.59905189352374e-05,2.69418594780602e-05,3.33677576778391e-05,1.90036636634274e-05,2.32471167269586e-05,0.00784921482935418,0.983259890402418,0.983268612733167,0.686031911001521,0.686082204978797,0.302240906497548,0.3022915578415,0.522199083227529,0.522592255582017,0.794994056674896,0.795095937833515,0.487905419360062,0.488011029712276,0.577968542272342,0.578099341731222,0.771565051598818,0.771639544735214,0.275725159311136,0.275816286509966,60.384580732472,60.4153491485648
"36","34",0.983303690823284,0.686288675806123,0.302057971560636,0.523572776503652,0.794721163597103,0.488364504829882,0.578550538984765,0.771557484664063,0.275557652242514,60.5929737611652,0.00184055788130716,0.0102927875896868,0.0104088867359381,0.0786999050229066,0.0203374177417292,0.0215809581636598,0.0268235197677405,0.0148735270172876,0.0188253957349021,6.42354669547992,627505,2.3234904096018e-06,1.29934480711474e-05,1.3140009749874e-05,9.93494833356884e-05,2.56736262189232e-05,2.72434514733487e-05,3.38615761911529e-05,1.87760992102447e-05,2.37648741673579e-05,0.00810898113781522,0.983299136856979,0.983308244789589,0.686263209066747,0.686314142545499,0.302032217565094,0.302083725556178,0.523378054718841,0.523767498288463,0.794670844117302,0.794771483076903,0.488311108543186,0.488417901116578,0.578484171386958,0.578616906582573,0.771520684114858,0.771594285213268,0.275511073855206,0.275604230629822,60.5770804195279,60.6088671028026
"37","35",0.9830890754018,0.686194869335244,0.302001125237576,0.518970439669421,0.794876555649756,0.4883957717102,0.578567537411022,0.771905883038492,0.27559705895706,59.8394737890535,0.00188110562920742,0.01020550555923,0.0103110553001497,0.0794497350682447,0.02071380892361,0.0214654414578835,0.0264840142300335,0.0150039039326607,0.0184611045370206,6.42371179861275,627505,2.37467722873638e-06,1.28832646518936e-05,1.30165089324748e-05,0.000100296056620272,2.61487763406557e-05,2.70976250580287e-05,3.34329899082218e-05,1.89406849130794e-05,2.33049988691257e-05,0.00810918956133161,0.983084421110979,0.983093729692621,0.686169618551818,0.68622012011867,0.301975613299655,0.302026637175497,0.518773862631485,0.519167016707357,0.794825304891033,0.794927806408479,0.488342661238577,0.488448882181823,0.578502009828513,0.578633064993531,0.771868759906615,0.771943006170369,0.275551381910513,0.275642736003608,59.8235800389127,59.8553675391942
"38","36",0.982877704121198,0.685827021301806,0.302225705919809,0.513638209038236,0.795707584395344,0.488188563126392,0.578292870159362,0.772181683738728,0.275998562251728,59.1105505135417,0.0019204307728748,0.0102100332595417,0.0102856194175504,0.0782589742957897,0.0203069836508808,0.0212069339030785,0.0262222588532466,0.0149458057218194,0.0187074046705143,6.39533898984494,627505,2.42432065212195e-06,1.28889803473132e-05,1.29843990869332e-05,9.87928595390887e-05,2.56352067163749e-05,2.67712893146657e-05,3.31025541670789e-05,1.88673426742528e-05,2.36159241618688e-05,0.00807337218784121,0.982872952530868,0.982882455711528,0.685801759315801,0.685852283287811,0.30220025691615,0.302251154923467,0.513444578218123,0.513831839858348,0.795657340216529,0.795757828574158,0.488136092262307,0.488241033990478,0.578227990220254,0.578357750098469,0.772144704355274,0.772218663122181,0.275952275801629,0.276044848701827,59.0947269642984,59.126374062785
"39","37",0.982851709520829,0.685864493529309,0.30216930405887,0.514628272905018,0.795490569122158,0.488193847185207,0.578197532180187,0.771654893298457,0.275951870512329,59.0139584545143,0.00191540527215026,0.0104267513920998,0.0104968864535778,0.0809733419508808,0.0202475517655809,0.0214970969305538,0.0266386928504727,0.0152733717892644,0.0188852566182899,6.34227777650415,627505,2.41797654153705e-06,1.31625618019905e-05,1.32510991657843e-05,0.000102219433231114,2.55601808685484e-05,2.71375864131743e-05,3.36282536892803e-05,1.92808567636217e-05,2.38404415754109e-05,0.00800638857294309,0.982846970364751,0.982856448676907,0.685838695332472,0.685890291726146,0.302143332331654,0.302195275786087,0.514427926110925,0.514828619699111,0.795440471991588,0.795540666252729,0.488140658390616,0.488247035979798,0.578131621886961,0.578263442473412,0.771617103440718,0.771692683156196,0.275905144015337,0.275998597009321,58.998266190997,59.0296507180316
"40","38",0.981558346403857,0.685060459668012,0.30206856200267,0.489296094960989,0.796371578636027,0.488280732596665,0.577963277007259,0.771831664014226,0.276325379061201,54.9394411199911,0.00214902241143717,0.0107246330480779,0.0108205045945495,0.0809110387063936,0.0212530787905452,0.0225120756627014,0.0279167447107628,0.0159836019346025,0.0196983274827701,6.21222844130569,627505,2.71289102815251e-06,1.35386027719e-05,1.36596294568213e-05,0.000102140782626032,2.68295418719854e-05,2.84188790984225e-05,3.52416456236044e-05,2.01774397768825e-05,2.48668490441098e-05,0.00784221640200647,0.981553029224892,0.981563663582822,0.685033924442996,0.685086994893029,0.302041789569253,0.302095334436088,0.489095902319546,0.489496287602431,0.796318993598807,0.796424163673247,0.488225032509713,0.488336432683616,0.57789420451785,0.578032349496668,0.771792116882683,0.77187121114577,0.276276640838657,0.276374117283746,54.9240706286367,54.9548116113454
"41","39",0.981163769122306,0.684582159187085,0.30227563889797,0.480661988494643,0.79666351469072,0.488389376443012,0.577939458956406,0.771950766385199,0.275593208790052,53.8386004892391,0.00227038919131811,0.0112266853627055,0.0113124818513625,0.0824012705609364,0.0220873714219955,0.023019459924377,0.0285786926603946,0.0158698598025924,0.0195414055938668,6.3090198383865,627505,2.86610248211524e-06,1.41723854689849e-05,1.42806935643708e-05,0.00010402202714286,2.78827393550221e-05,2.90593927589594e-05,3.60772779762978e-05,2.00338535546956e-05,2.46687533973354e-05,0.00796440429141394,0.981158151653829,0.981169386590782,0.684554381768412,0.684609936605758,0.302247649198922,0.302303628597019,0.48045810867459,0.480865868314697,0.796608865420383,0.796718163961056,0.488332420969933,0.488446331916091,0.577868748654522,0.57801016925829,0.771911500678022,0.771990032092376,0.275544858828589,0.275641558751514,53.8229905135602,53.854210464918
"42","4",0.97923672648844,0.683269724674709,0.302242621798252,0.447614461116913,0.797974239961435,0.488154500801193,0.577106183819,0.771836714632088,0.275830855889592,48.8994175345216,0.00261195376529137,0.0117448896375707,0.0118492731069611,0.0833705825052724,0.0232207378293319,0.0247167799268631,0.0306885552253372,0.0170901879406547,0.0212345637744704,5.96181200085553,627505,3.29728805902465e-06,1.48265581386369e-05,1.49583301369603e-05,0.000105245670816037,2.93134827208003e-05,3.12020619941158e-05,3.87407342495341e-05,2.15743759985436e-05,2.68061688160656e-05,0.00752609475014115,0.979230263910132,0.979243189066747,0.683240665098691,0.683298784250728,0.302213303953365,0.302271939643139,0.447408182994704,0.447820739239122,0.797916786480221,0.798031693442648,0.488093345765482,0.488215655836904,0.577030253228678,0.577182114409323,0.77179442955058,0.771878999713596,0.275778316662809,0.275883395116376,48.8846666314148,48.9141684376285
"43","40",0.98081139770513,0.6847092735475,0.30189434243461,0.475350176804442,0.796212295015976,0.488787359303644,0.578346693231235,0.771943313529436,0.275467654226993,52.862007474044,0.00233303169244368,0.0109905776097165,0.0111326453382588,0.0795745827123285,0.0224878154396834,0.0232375279027332,0.0286683648602067,0.0163075524228412,0.0203253771445608,6.23793489705152,627505,2.94518135927359e-06,1.38743268720376e-05,1.40536708677546e-05,0.000100453662260733,2.83882533864632e-05,2.93346782370732e-05,3.61904787065695e-05,2.05863896177177e-05,2.5658426364395e-05,0.00787466781469873,0.980805625244604,0.980817170165657,0.684682080314069,0.684736466780931,0.301866797692729,0.301921887176491,0.475153290864531,0.475547062744352,0.796156654954433,0.796267935077519,0.488729864279901,0.488844854327386,0.578275761059569,0.578417625402901,0.771902964869387,0.771983662189485,0.275417364538417,0.275517943915569,52.8465733789669,52.8774415691212
"44","41",0.983664760516386,0.686612934524098,0.301984721855497,0.532963032682138,0.794778695492466,0.488618215141009,0.579049624041483,0.771723883457671,0.276067799944633,61.9230093784113,0.00179654386925213,0.00996214809093227,0.0100565601096364,0.0765844072399743,0.0198568417634745,0.0210127308601715,0.0260742738602867,0.0145675986544099,0.0180524279875526,6.51175936802115,627505,2.26792783483217e-06,1.25760541319543e-05,1.26952383327002e-05,9.66789132546834e-05,2.50669549004603e-05,2.6526130543897e-05,3.29157403127583e-05,1.83899002080885e-05,2.27890922231234e-05,0.0082203393845384,0.983660315450936,0.983669205581835,0.686588285863388,0.686637583184808,0.301959839597596,0.302009604113399,0.5327735451286,0.533152520235676,0.794729565068894,0.794827825916039,0.488566224780211,0.488670205501806,0.578985110251508,0.579114137831458,0.771687839846061,0.771759927069281,0.276023134058481,0.276112465830785,61.9068977782,61.9391209786227
"45","42",0.983850115933599,0.686479376965,0.302252500175312,0.535246304094461,0.794967072165162,0.48836978490253,0.578620222633894,0.772064186951143,0.275883074920467,62.5949243432323,0.00171139052726208,0.0098645864708252,0.00992634502335579,0.0757290444093462,0.0198888730919975,0.0206756432292517,0.0256993864176204,0.0147837283879322,0.0181495540111963,6.4392618143236,627505,2.16043163736463e-06,1.2452893925494e-05,1.25308569202865e-05,9.55991170940309e-05,2.51073907299368e-05,2.61005965872679e-05,3.24424884870147e-05,1.86627388773685e-05,2.29117025396752e-05,0.00812881964889379,0.983845881557231,0.983854350309967,0.686454969694325,0.686503784235676,0.30222794009968,0.302277060250944,0.535058932906591,0.535433675282331,0.794917862488667,0.795016281841657,0.488318628574571,0.48842094123049,0.578556636402242,0.578683808865546,0.772027608584536,0.77210076531775,0.275838168722047,0.275927981118887,62.5789921187527,62.6108565677119
"46","43",0.983505311839324,0.68649415429116,0.301992492973,0.528328061633075,0.79538021344053,0.488440289330704,0.578772456890395,0.771755009505905,0.276497674301112,61.2942096078916,0.00175847577406449,0.0100770964032009,0.0101677066563288,0.0782910854583957,0.0202044892300744,0.021109838722049,0.0261497362664589,0.0146347223504978,0.0182986919467738,6.34721565357806,627505,2.21987128905406e-06,1.27211630165314e-05,1.28355479300907e-05,9.88333961498163e-05,2.55058194223375e-05,2.66487179333298e-05,3.30110028300675e-05,1.8474636073068e-05,2.30999718500519e-05,0.00801262206885298,0.983500960963154,0.983509662715493,0.686469221221714,0.686519087360606,0.301967335712811,0.30201765023319,0.528134351362512,0.528521771903637,0.795330222856642,0.795430204024419,0.488388058702575,0.488492519958832,0.578707756388957,0.578837157391834,0.771718799814731,0.771791219197079,0.276452399100912,0.276542949501311,61.2785051269232,61.3099140888599
"47","44",0.980709524104374,0.684354621369748,0.302184601111475,0.473184536576948,0.796428784242357,0.488133565472311,0.577572313483065,0.771523035369294,0.275615340330322,52.5363128580649,0.00228122162027661,0.0112001082169726,0.0112822681207574,0.0816184833392126,0.0223222618109893,0.0233702616093434,0.0288898297405123,0.0162474930949635,0.0206555357574125,5.98698687506919,627505,2.87977716469566e-06,1.41388349113782e-05,1.42425522410187e-05,0.000103033849253479,2.81792611714114e-05,2.9502239114931e-05,3.64700523785956e-05,2.051057169656e-05,2.60752132410258e-05,0.00755787510293115,0.98070387983396,0.980715168374787,0.684326909709087,0.68438233303041,0.302156686168191,0.302212516054759,0.472982593553704,0.473386479600193,0.796373553798818,0.796484014685895,0.48807574203465,0.488191388909973,0.577500833356014,0.577643793610116,0.771482835309926,0.771563235428661,0.275564233752903,0.275666446907741,52.521499666491,52.5511260496388
"48","45",0.980285420328547,0.683972375036248,0.302272228553474,0.46567909125831,0.796655760051314,0.48793535863211,0.577190410982905,0.771541156195306,0.275402777865948,51.4553461725405,0.00241074687748312,0.0113617788544814,0.01146530784192,0.0807134533971785,0.0228245307655285,0.0236149741600738,0.0292632667167341,0.0165071453848136,0.0206720524624981,6.07464030675294,627505,3.04328774807748e-06,1.43429253013524e-05,1.44736186155222e-05,0.000101891354137148,2.88133173512061e-05,2.98111602689494e-05,3.69414731590309e-05,2.08383525348727e-05,2.60960636615719e-05,0.00766852737306854,0.980279455582661,0.980291385074433,0.683944263365001,0.684000486707495,0.302243860727544,0.302300596379404,0.465479387488665,0.465878795027954,0.796599286878102,0.796712233224526,0.487876929718945,0.487993787545276,0.57711800688632,0.577262815079489,0.771500313696061,0.77158199869455,0.275351630422377,0.275453925309519,51.440316106084,51.470376238997
"49","46",0.981050888134604,0.684420613525277,0.302360131351763,0.478305575355242,0.7961981174652,0.487958280356456,0.577505491291199,0.771989559694844,0.276200565539156,53.4956151743811,0.00225104706040819,0.0111352013969752,0.0112161416115599,0.0800315539818261,0.0217394061986994,0.0227786843714855,0.0282872302034122,0.0154973888325067,0.0201755065303791,6.17066597123607,627505,2.84168528984604e-06,1.40568975948106e-05,1.41590752085922e-05,0.000101030535377805,2.74434737022466e-05,2.87554416071419e-05,3.57093404990604e-05,1.95636522447348e-05,2.54692321324347e-05,0.00778974861406735,0.981045318523037,0.98105645774617,0.684393062459114,0.684448164591439,0.302332380020772,0.302387882682755,0.478107558762617,0.478503591947867,0.796144329141383,0.796251905789017,0.487901920617836,0.488014640095075,0.57743550213491,0.577575480447488,0.771951215567078,0.77202790382261,0.276150646665177,0.276250484413136,53.4803475181998,53.5108828305624
"50","47",0.98092060917696,0.684493185855154,0.30219302298639,0.476697420055601,0.79587403430889,0.488357080957582,0.577804875706827,0.771853116399127,0.275875639243979,53.1295160994733,0.00227149635832893,0.0111957726422758,0.0113075747092342,0.082395947271224,0.0220072514976765,0.0232211258017979,0.028835290546153,0.0161247355415304,0.0200805132387586,6.10532219884882,627505,2.8675001517879e-06,1.41333617522179e-05,1.42744988677576e-05,0.000104015307108288,2.77815972623643e-05,2.93139724909473e-05,3.64012029844374e-05,2.03556045526279e-05,2.53493141421893e-05,0.00770725969589153,0.980914988969096,0.980926229384824,0.684465484921708,0.6845208867886,0.302165045428747,0.302221000544033,0.476493553406599,0.476901286704604,0.795819583273795,0.795928485343985,0.488299626516435,0.48841453539873,0.577733530522369,0.577876220891285,0.771813220070366,0.771893012727888,0.275825955405395,0.275925323082563,53.1144101189126,53.144622080034
"51","48",0.98599026441391,0.688072318124363,0.302151127135972,0.585729567815753,0.794128618025354,0.488293927377,0.579220931995907,0.772370699805258,0.276508195636586,72.056002741014,0.00138601185168832,0.00913401583916267,0.00920433508939778,0.0735105029446355,0.0183097457265043,0.0189985994498774,0.0235398904114766,0.0133310713335796,0.0162682608057374,6.91946828387051,627505,1.74967887600749e-06,1.15306334122853e-05,1.1619403292978e-05,9.27984663408482e-05,2.31139259622558e-05,2.39835237272222e-05,2.97163757628198e-05,1.68289281787169e-05,2.0536788517722e-05,0.00873502450555854,0.985986835099713,0.985993693728106,0.688049718454564,0.688094917794161,0.302128353480069,0.302173900791875,0.585547685813081,0.585911449818426,0.794083315475545,0.794173920575164,0.488246920443603,0.488340934310397,0.579162688857318,0.579279175134496,0.772337715648508,0.772403683962008,0.276467944193094,0.276548447080078,72.0388823745563,72.0731231074717
"52","49",0.985863353667814,0.687952860257789,0.302182335375452,0.581665081539102,0.794191196792057,0.488311574989808,0.579241490457501,0.772329550426117,0.275822073462115,71.3982709301121,0.00138402069236635,0.00920308255910783,0.009284881824595,0.0751729297890438,0.0185399726988405,0.0190092244526429,0.023522129009887,0.0133260747072183,0.0168655211445792,6.80993846295119,627505,1.74716526878243e-06,1.161782211906e-05,1.17210841847642e-05,9.48970870193264e-05,2.34045607571121e-05,2.39969365583417e-05,2.96939540576001e-05,1.68226205186598e-05,2.12907602799949e-05,0.00859675583655547,0.985859929280207,0.985866778055421,0.687930089700936,0.687975630814643,0.302159362428278,0.302205308322625,0.581479086307549,0.581851076770656,0.794145324607419,0.794237068976696,0.488264541767694,0.488358608211922,0.579183291264732,0.579299689650271,0.772296578632176,0.772362522220057,0.275780344258273,0.275863802665957,71.3814215657886,71.4151202944356
"53","5",0.976972180537417,0.681584553822295,0.302349602233454,0.410427937326017,0.79953056049912,0.487715407667856,0.575969770794393,0.772088698502775,0.275741977257995,44.2011474012159,0.00313383718032562,0.0129866358401014,0.013136688590716,0.0845827976721982,0.0246603855341201,0.026516807562344,0.0329412818421752,0.0182909161221162,0.0221768163169258,5.79686871912847,627505,3.95610521553871e-06,1.63941183996e-05,1.65835425576384e-05,0.000106775951576741,3.11308706276153e-05,3.34743876789174e-05,4.15845397841693e-05,2.3090155775153e-05,2.79956531392986e-05,0.0073178730271987,0.97696442669872,0.976979934376115,0.681552421878695,0.681616685765894,0.302317099024611,0.302382105442297,0.410218659902845,0.410637214749188,0.799469544996192,0.799591576002047,0.487649798947051,0.487781016388661,0.575888266436892,0.576051275151894,0.772043442541766,0.772133954463784,0.275687106680281,0.275796847835709,44.186804605974,44.2154901964579
"54","50",0.985975777779664,0.688143777935746,0.302068111296192,0.584806408201323,0.793468364993108,0.488116743075321,0.579073461419494,0.77170024472025,0.275460038152313,71.9650632265878,0.0013649252947637,0.0089429144085093,0.00903228308287265,0.0746014337079118,0.018261551243028,0.0190571337697764,0.0236408107815969,0.0134223475248056,0.0161249687086269,6.84083099880195,627505,1.72305954863753e-06,1.12893900665075e-05,1.14022076311768e-05,9.41756396380072e-05,2.30530860281847e-05,2.40574165030481e-05,2.98437760008072e-05,1.69441537617276e-05,2.03558988989878e-05,0.00863575407263732,0.985972400638491,0.985979154920837,0.688121651095129,0.688165904776364,0.302045763336784,0.302090459255599,0.584621826983381,0.584990989419265,0.793423181687608,0.793513548298607,0.488069591314465,0.488163894836177,0.579014968580545,0.579131954258442,0.771667034725072,0.771733454715429,0.275420141246643,0.275499935057983,71.9481374269787,71.981989026197
"55","51",0.985927785143547,0.688293645257917,0.301882159526308,0.585659470643893,0.793898699989641,0.488571259004036,0.579708897012836,0.771995838052851,0.276079764168894,71.6897666154055,0.00133172275932947,0.0091960674694066,0.00929109354978112,0.0738945899658827,0.0186164185837863,0.0191404690627961,0.0237194737252034,0.0131394148069896,0.0167652794304736,6.69183504554661,627505,1.68114520655713e-06,1.16089663836285e-05,1.17289257658651e-05,9.32833315653455e-05,2.35010648020699e-05,2.416261762499e-05,2.99430788246504e-05,1.65869840888342e-05,2.11642167663506e-05,0.00844766399844068,0.985924490153134,0.98593108013396,0.68827089205802,0.688316398457815,0.301859171209888,0.301905147842727,0.58547663832101,0.585842302966776,0.793852638660185,0.793944761319098,0.488523901052372,0.4886186169557,0.579650209543554,0.579767584482118,0.771963328098718,0.772028348006984,0.27603828298626,0.276121245351528,71.6732094662787,71.7063237645323
"56","52",0.986385726646107,0.688455181352377,0.302042606755228,0.596633768388444,0.793312034834782,0.488206869967758,0.579284978891262,0.772113471205564,0.276100132960122,74.0825140835531,0.00127458942076935,0.00865793521779143,0.0087347896791352,0.0711112397906729,0.0176625712770939,0.0185270832824165,0.0229190687146831,0.0134222506611804,0.0157767834365044,6.79377579733243,627505,1.60902100684508e-06,1.0929636959423e-05,1.10266567845972e-05,8.97696754590401e-05,2.22969434365683e-05,2.33882893669262e-05,2.89326605245097e-05,1.69440314826586e-05,1.99163554601437e-05,0.00857635234968869,0.986382573016801,0.986388880275414,0.688433759616253,0.688476603088501,0.302020994863374,0.302064218647082,0.596457822718267,0.596809714058622,0.793268333544388,0.793355736125177,0.488161029674519,0.488252710260996,0.579228271809277,0.579341685973246,0.772080261450048,0.77214668096108,0.276061097545423,0.276139168374821,74.0657047094061,74.0993234577001
"57","53",0.986548608369704,0.688581227851147,0.302030096123485,0.599534112515758,0.793758857451335,0.488262663036848,0.579428086786571,0.772238879188089,0.276020513782003,74.9771332499343,0.00125763510922548,0.00879600891529359,0.00887369610353238,0.0716315739073805,0.0176377049605692,0.0183536032891809,0.0228278493001808,0.0129629100104159,0.015695581245438,6.8550458826478,627505,1.58761815900548e-06,1.11039389551509e-05,1.12020100012478e-05,9.04265368064812e-05,2.22655526019992e-05,2.31692910378683e-05,2.88175066155138e-05,1.63641672971142e-05,1.98138471315018e-05,0.00865369871139324,0.986545496689289,0.986551720050119,0.68855946448873,0.688602991213564,0.302008140544979,0.302052051701991,0.599356879418513,0.599711345613002,0.793715217685964,0.793802497216706,0.488217251973275,0.488308074100421,0.579371605402536,0.579484568170607,0.772206805947685,0.772270952428493,0.275981679280324,0.276059348283682,74.9601722794116,74.9940942204569
"58","6",0.972338486341286,0.6785288933593,0.302168364442128,0.352349151651247,0.802387970006613,0.488547174664509,0.57555311133451,0.77225948248565,0.275654517874862,36.9417550457765,0.00422180342543812,0.0142460849892645,0.0143299126875158,0.0859462957244413,0.0268924123981602,0.0292748208910534,0.0362099159180713,0.0196636025267623,0.0252680198047545,5.30874126544876,627505,5.32953615306188e-06,1.79840265731933e-05,1.80898492995112e-05,0.000108497209397575,3.3948545130135e-05,3.69560589612457e-05,4.57108104138376e-05,2.4823012822996e-05,3.18979382730847e-05,0.0067016688486685,0.972328040622223,0.972348932060349,0.678493645246931,0.678564141471669,0.302132908920627,0.302203819963629,0.352136500618231,0.352561802684262,0.802321431952489,0.802454508060738,0.488474741980223,0.488619607348796,0.575463519619586,0.575642703049435,0.772210830180686,0.772308134790614,0.275591998944075,0.275717036805648,36.9286199908612,36.9548901006919
"59","7",0.969225837085732,0.676484451608676,0.302035409038614,0.317402896406331,0.804591252829858,0.487994918252102,0.574094111640753,0.771928468914613,0.276770757612836,33.2716950462546,0.00490492426536698,0.0152873325055869,0.0154295149520268,0.0847746736437095,0.0290151377270812,0.0312954899556227,0.0386856962581289,0.0216968517882206,0.026857736827685,5.00355739094602,627505,6.19189681897399e-06,1.92984805454196e-05,1.94779693591494e-05,0.000107018172690332,3.66282391479422e-05,3.95069188066158e-05,4.88361953500174e-05,2.73897537048274e-05,3.39047712525161e-05,0.00631640967655888,0.969213701167562,0.969237973003901,0.676446627208892,0.676522276008459,0.301997232846542,0.302073585230687,0.317193144237585,0.317612648575077,0.804519462661838,0.804663042997878,0.487917485964745,0.488072350539459,0.5739983942721,0.574189829009406,0.77187478588026,0.771982151948967,0.2767043053541,0.276837209871572,33.2593150868978,33.2840750056114
"60","8",0.967647979820914,0.675106503712383,0.302321897331663,0.303343932661015,0.804620853301567,0.487695902288303,0.573238275970694,0.771820001660311,0.275500170516875,31.6999752990016,0.00532766198765426,0.0156017025700314,0.0156917232744266,0.0835421936202745,0.0295962133688567,0.0314689140179961,0.0388894704350465,0.0215185832910848,0.0279780321566909,4.92338129054472,627505,6.72555406142585e-06,1.96953362146822e-05,1.98089768914858e-05,0.000105462309903532,3.73617796112064e-05,3.97258465294606e-05,4.90934365650866e-05,2.71647104461308e-05,3.53190139010648e-05,0.00621519666812614,0.967634797951751,0.967661161690076,0.675067901488281,0.675145105936485,0.302283072375497,0.302360722287829,0.303137229933177,0.303550635388852,0.804547625417885,0.80469408118525,0.487618040909666,0.487773763666939,0.573142054417552,0.573334497523836,0.771766759703491,0.771873243617132,0.275430946388136,0.275569394645614,31.6877937138787,31.7121568841245
"61","9",0.965824536434042,0.673517151168225,0.30265053904087,0.285263831832197,0.806031157036199,0.48712574318864,0.572009956583028,0.772479561103275,0.275685647139771,30.0784041561422,0.00592885906242709,0.0161488191279659,0.0161840782874187,0.0833073947432466,0.030413652116971,0.0325949012389351,0.0402747765262912,0.022389769356842,0.0282917841985362,4.85574786207401,627505,7.48449549527158e-06,2.0386007281431e-05,2.04305178723073e-05,0.000105165903610364,3.83937010253439e-05,4.11472745300449e-05,5.08422245005598e-05,2.82644816021066e-05,3.57150893886245e-05,0.00612981732525615,0.965809867064134,0.96583920580395,0.673477195251096,0.673557107085355,0.302610495884417,0.302690582197322,0.28505771005114,0.285469953613254,0.805955906619809,0.806106407452589,0.487045095856942,0.487206390520338,0.571910307461905,0.572109605704152,0.772424163630439,0.77253495857611,0.275615646715844,0.275755647563698,30.0663899117791,30.0904184005052
